timestamp,motion
2021-11-07 12:54:30,1
2021-11-07 12:54:34,0
2021-11-07 12:59:12,1
2021-11-07 12:59:14,0
2021-11-07 12:59:23,1
2021-11-07 12:59:25,0
2021-11-07 13:09:12,1
2021-11-07 13:09:15,0
2021-11-07 13:09:20,1
2021-11-07 13:09:22,0
2021-11-07 13:09:27,1
2021-11-07 13:09:29,0
2021-11-07 13:26:30,1
2021-11-07 13:26:31,0
2021-11-07 13:28:52,1
2021-11-07 13:28:55,0
2021-11-07 13:29:01,1
2021-11-07 13:29:02,0
2021-11-07 13:29:06,1
2021-11-07 13:29:08,0
2021-11-07 13:29:13,1
2021-11-07 13:29:17,0
2021-11-07 13:29:24,1
2021-11-07 13:29:27,0
2021-11-07 13:29:32,1
2021-11-07 13:29:35,0
2021-11-07 13:29:40,1
2021-11-07 13:29:43,0
2021-11-07 13:29:47,1
2021-11-07 13:29:48,0
2021-11-07 13:46:52,1
2021-11-07 13:46:55,0
2021-11-07 13:54:12,1
2021-11-07 13:54:13,0
2021-11-07 13:54:25,1
2021-11-07 13:54:27,0
2021-11-07 13:54:31,1
2021-11-07 13:54:33,0
2021-11-07 13:55:30,1
2021-11-07 13:55:33,0
2021-11-07 13:55:37,1
2021-11-07 13:55:39,0
2021-11-07 13:56:12,1
2021-11-07 13:56:13,0
2021-11-07 13:56:20,1
2021-11-07 13:56:21,0
2021-11-07 13:58:19,1
2021-11-07 13:58:21,0
2021-11-07 14:01:09,1
2021-11-07 14:01:10,0
2021-11-07 14:01:26,1
2021-11-07 14:01:27,0
2021-11-07 14:03:38,1
2021-11-07 14:03:40,0
2021-11-07 14:08:21,1
2021-11-07 14:08:22,0
2021-11-07 14:09:06,1
2021-11-07 14:09:07,0
2021-11-07 14:11:25,1
2021-11-07 14:11:27,0
2021-11-07 14:20:47,1
2021-11-07 14:20:48,0
2021-11-07 14:20:55,1
2021-11-07 14:20:59,0
2021-11-07 14:21:05,1
2021-11-07 14:21:06,0
2021-11-07 14:23:45,1
2021-11-07 14:23:48,0
2021-11-07 14:24:56,1
2021-11-07 14:24:57,0
2021-11-07 14:27:05,1
2021-11-07 14:27:07,0
2021-11-07 14:30:45,1
2021-11-07 14:30:46,0
2021-11-07 14:32:22,1
2021-11-07 14:32:23,0
2021-11-07 14:32:56,1
2021-11-07 14:32:57,0
2021-11-07 14:36:40,1
2021-11-07 14:36:41,0
2021-11-07 14:38:05,1
2021-11-07 14:38:07,0
2021-11-07 14:38:23,1
2021-11-07 14:38:25,0
2021-11-07 14:39:27,1
2021-11-07 14:39:29,0
2021-11-07 14:41:51,1
2021-11-07 14:41:53,0
2021-11-07 14:49:55,1
2021-11-07 14:49:57,0
2021-11-07 14:50:08,1
2021-11-07 14:50:09,0
2021-11-07 14:50:31,1
2021-11-07 14:50:32,0
2021-11-07 14:52:31,1
2021-11-07 14:52:36,0
2021-11-07 14:52:42,1
2021-11-07 14:52:43,0
2021-11-07 14:52:54,1
2021-11-07 14:52:58,0
2021-11-07 14:53:03,1
2021-11-07 14:53:06,0
2021-11-07 14:53:25,1
2021-11-07 14:53:26,0
2021-11-07 14:54:07,1
2021-11-07 14:54:08,0
2021-11-07 14:54:25,1
2021-11-07 14:54:27,0
2021-11-07 14:54:37,1
2021-11-07 14:54:39,0
2021-11-07 14:55:49,1
2021-11-07 14:55:52,0
2021-11-07 15:00:13,1
2021-11-07 15:00:14,0
2021-11-07 15:01:37,1
2021-11-07 15:01:38,0
2021-11-07 15:08:36,1
2021-11-07 15:08:37,0
2021-11-07 15:10:34,1
2021-11-07 15:10:40,0
2021-11-07 15:10:45,1
2021-11-07 15:10:46,0
2021-11-07 15:10:57,1
2021-11-07 15:10:59,0
2021-11-07 15:29:37,1
2021-11-07 15:29:39,0
2021-11-07 16:04:28,1
2021-11-07 16:04:35,0
2021-11-07 16:04:40,1
2021-11-07 16:04:42,0
2021-11-07 16:05:13,1
2021-11-07 16:05:16,0
2021-11-07 16:05:21,1
2021-11-07 16:05:23,0
2021-11-07 16:05:28,1
2021-11-07 16:05:30,0
2021-11-07 16:05:51,1
2021-11-07 16:05:52,0
2021-11-07 16:06:04,1
2021-11-07 16:06:07,0
2021-11-07 16:06:18,1
2021-11-07 16:06:21,0
2021-11-07 16:06:30,1
2021-11-07 16:06:31,0
2021-11-07 16:06:36,1
2021-11-07 16:06:37,0
2021-11-07 16:06:42,1
2021-11-07 16:06:49,0
2021-11-07 16:12:18,1
2021-11-07 16:12:19,0
2021-11-07 16:12:38,1
2021-11-07 16:12:42,0
2021-11-07 16:12:47,1
2021-11-07 16:12:48,0
2021-11-07 16:12:53,1
2021-11-07 16:12:57,0
2021-11-07 16:13:04,1
2021-11-07 16:13:05,0
2021-11-07 16:13:10,1
2021-11-07 16:13:14,0
2021-11-07 16:24:15,1
2021-11-07 16:24:17,0
2021-11-07 16:29:56,1
2021-11-07 16:29:58,0
2021-11-07 16:30:05,1
2021-11-07 16:30:09,0
2021-11-07 16:30:15,1
2021-11-07 16:30:19,0
2021-11-07 16:48:06,1
2021-11-07 16:48:07,0
2021-11-07 16:49:31,1
2021-11-07 16:49:33,0
2021-11-07 18:08:07,1
2021-11-07 18:08:11,0
2021-11-07 18:08:22,1
2021-11-07 18:08:30,0
2021-11-07 18:08:43,1
2021-11-07 18:08:46,0
2021-11-07 18:08:50,1
2021-11-07 18:08:51,0
2021-11-07 18:08:56,1
2021-11-07 18:08:58,0
2021-11-07 18:09:03,1
2021-11-07 18:09:04,0
2021-11-07 18:09:10,1
2021-11-07 18:09:11,0
2021-11-07 18:09:19,1
2021-11-07 18:09:21,0
2021-11-07 18:14:50,1
2021-11-07 18:14:53,0
2021-11-07 18:17:51,1
2021-11-07 18:17:56,0
2021-11-07 18:18:02,1
2021-11-07 18:18:05,0
2021-11-07 18:18:09,1
2021-11-07 18:18:12,0
2021-11-07 18:18:24,1
2021-11-07 18:18:25,0
2021-11-07 18:18:50,1
2021-11-07 18:18:53,0
2021-11-07 18:18:57,1
2021-11-07 18:18:59,0
2021-11-07 18:20:17,1
2021-11-07 18:20:21,0
2021-11-07 18:20:29,1
2021-11-07 18:20:34,0
2021-11-07 18:20:39,1
2021-11-07 18:20:44,0
2021-11-07 18:21:38,1
2021-11-07 18:21:43,0
2021-11-07 18:21:49,1
2021-11-07 18:21:52,0
2021-11-07 18:21:57,1
2021-11-07 18:21:58,0
2021-11-07 18:22:05,1
2021-11-07 18:22:07,0
2021-11-07 18:22:13,1
2021-11-07 18:22:17,0
2021-11-07 18:22:47,1
2021-11-07 18:22:49,0
2021-11-07 18:23:51,1
2021-11-07 18:23:52,0
2021-11-07 18:25:17,1
2021-11-07 18:25:19,0
2021-11-07 18:25:24,1
2021-11-07 18:25:25,0
2021-11-07 18:25:34,1
2021-11-07 18:25:36,0
2021-11-07 18:25:53,1
2021-11-07 18:25:56,0
2021-11-07 18:26:45,1
2021-11-07 18:26:47,0
2021-11-07 18:26:52,1
2021-11-07 18:26:54,0
2021-11-07 18:27:05,1
2021-11-07 18:27:07,0
2021-11-07 19:11:11,1
2021-11-07 19:11:15,0
2021-11-07 19:12:02,1
2021-11-07 19:12:07,0
2021-11-07 19:39:09,1
2021-11-07 19:39:13,0
2021-11-07 19:39:18,1
2021-11-07 19:39:19,0
2021-11-07 19:39:53,1
2021-11-07 19:39:56,0
2021-11-07 19:40:09,1
2021-11-07 19:40:11,0
2021-11-07 19:40:17,1
2021-11-07 19:40:20,0
2021-11-07 19:41:07,1
2021-11-07 19:41:09,0
2021-11-07 19:41:14,1
2021-11-07 19:41:16,0
2021-11-07 19:41:22,1
2021-11-07 19:41:23,0
2021-11-07 19:41:28,1
2021-11-07 19:41:29,0
2021-11-07 19:41:34,1
2021-11-07 19:41:36,0
2021-11-07 19:44:16,1
2021-11-07 19:44:21,0
2021-11-07 20:01:15,1
2021-11-07 20:01:16,0
2021-11-07 20:12:03,1
2021-11-07 20:12:10,0
2021-11-07 20:37:15,1
2021-11-07 20:37:18,0
2021-11-07 20:37:23,1
2021-11-07 20:37:24,0
2021-11-07 20:37:47,1
2021-11-07 20:37:51,0
2021-11-07 20:38:02,1
2021-11-07 20:38:03,0
2021-11-07 20:38:12,1
2021-11-07 20:38:15,0
2021-11-07 20:38:33,1
2021-11-07 20:38:38,0
2021-11-07 20:38:43,1
2021-11-07 20:38:46,0
2021-11-07 20:38:51,1
2021-11-07 20:38:56,0
2021-11-07 20:39:01,1
2021-11-07 20:39:02,0
2021-11-07 20:43:30,1
2021-11-07 20:43:31,0
2021-11-07 20:44:08,1
2021-11-07 20:44:09,0
2021-11-07 20:53:26,1
2021-11-07 20:53:28,0
2021-11-07 20:58:38,1
2021-11-07 20:58:42,0
2021-11-07 21:04:39,1
2021-11-07 21:04:48,0
2021-11-07 21:04:52,1
2021-11-07 21:04:56,0
2021-11-07 21:05:04,1
2021-11-07 21:05:11,0
2021-11-07 21:05:16,1
2021-11-07 21:05:18,0
2021-11-07 21:05:24,1
2021-11-07 21:05:28,0
2021-11-07 21:05:33,1
2021-11-07 21:05:36,0
2021-11-07 21:05:43,1
2021-11-07 21:05:47,0
2021-11-07 21:17:33,1
2021-11-07 21:17:35,0
2021-11-07 21:24:00,1
2021-11-07 21:24:02,0
2021-11-07 21:24:07,1
2021-11-07 21:24:09,0
2021-11-07 21:27:10,1
2021-11-07 21:27:11,0
2021-11-07 21:27:26,1
2021-11-07 21:27:34,0
2021-11-07 21:27:40,1
2021-11-07 21:27:43,0
2021-11-07 21:27:47,1
2021-11-07 21:27:50,0
2021-11-07 21:27:55,1
2021-11-07 21:27:57,0
2021-11-07 21:28:01,1
2021-11-07 21:28:08,0
2021-11-07 21:28:13,1
2021-11-07 21:28:16,0
2021-11-07 21:28:22,1
2021-11-07 21:28:23,0
2021-11-07 21:28:28,1
2021-11-07 21:28:29,0
2021-11-07 21:28:43,1
2021-11-07 21:28:44,0
2021-11-07 21:28:50,1
2021-11-07 21:28:53,0
2021-11-07 21:28:58,1
2021-11-07 21:29:01,0
2021-11-07 21:34:07,1
2021-11-07 21:34:11,0
2021-11-07 21:34:16,1
2021-11-07 21:34:17,0
2021-11-07 21:34:22,1
2021-11-07 21:34:28,0
2021-11-07 21:34:58,1
2021-11-07 21:35:01,0
2021-11-07 21:36:37,1
2021-11-07 21:36:40,0
2021-11-07 21:36:48,1
2021-11-07 21:36:51,0
2021-11-07 21:36:57,1
2021-11-07 21:36:58,0
2021-11-07 21:43:35,1
2021-11-07 21:43:37,0
2021-11-07 21:43:47,1
2021-11-07 21:43:50,0
2021-11-07 21:43:57,1
2021-11-07 21:43:58,0
2021-11-07 21:45:00,1
2021-11-07 21:45:03,0
2021-11-07 21:45:11,1
2021-11-07 21:45:13,0
2021-11-07 21:45:29,1
2021-11-07 21:45:30,0
2021-11-07 21:45:36,1
2021-11-07 21:45:38,0
2021-11-07 21:50:47,1
2021-11-07 21:50:51,0
2021-11-07 21:50:55,1
2021-11-07 21:50:58,0
2021-11-07 21:51:20,1
2021-11-07 21:51:21,0
2021-11-07 21:51:26,1
2021-11-07 21:51:27,0
2021-11-07 21:51:32,1
2021-11-07 21:51:34,0
2021-11-07 21:51:39,1
2021-11-07 21:51:41,0
2021-11-07 21:51:46,1
2021-11-07 21:51:49,0
2021-11-07 21:52:34,1
2021-11-07 21:52:36,0
2021-11-07 21:52:56,1
2021-11-07 21:52:57,0
2021-11-07 21:53:04,1
2021-11-07 21:53:05,0
2021-11-07 22:00:06,1
2021-11-07 22:00:10,0
2021-11-07 22:00:15,1
2021-11-07 22:00:17,0
2021-11-07 22:00:21,1
2021-11-07 22:00:24,0
2021-11-07 22:00:30,1
2021-11-07 22:00:31,0
2021-11-07 22:00:36,1
2021-11-07 22:00:39,0
2021-11-07 22:22:03,1
2021-11-07 22:22:07,0
2021-11-07 22:22:12,1
2021-11-07 22:22:18,0
2021-11-07 22:22:37,1
2021-11-07 22:22:40,0
2021-11-07 22:22:49,1
2021-11-07 22:22:56,0
2021-11-07 22:23:01,1
2021-11-07 22:23:03,0
2021-11-07 22:23:20,1
2021-11-07 22:23:22,0
2021-11-07 22:23:29,1
2021-11-07 22:23:35,0
2021-11-07 22:23:52,1
2021-11-07 22:23:54,0
2021-11-07 22:24:06,1
2021-11-07 22:24:08,0
2021-11-07 22:24:30,1
2021-11-07 22:24:32,0
2021-11-07 22:25:06,1
2021-11-07 22:25:09,0
2021-11-07 22:25:14,1
2021-11-07 22:25:15,0
2021-11-07 22:25:21,1
2021-11-07 22:25:22,0
2021-11-07 22:26:22,1
2021-11-07 22:26:25,0
2021-11-07 22:26:30,1
2021-11-07 22:26:32,0
2021-11-07 22:26:37,1
2021-11-07 22:26:45,0
2021-11-07 22:27:00,1
2021-11-07 22:27:03,0
2021-11-07 22:27:07,1
2021-11-07 22:27:09,0
2021-11-07 22:27:14,1
2021-11-07 22:27:19,0
2021-11-07 22:27:24,1
2021-11-07 22:27:25,0
2021-11-07 22:27:33,1
2021-11-07 22:27:34,0
2021-11-07 22:27:39,1
2021-11-07 22:27:40,0
2021-11-07 22:27:45,1
2021-11-07 22:27:48,0
2021-11-07 22:27:53,1
2021-11-07 22:27:54,0
2021-11-07 22:28:00,1
2021-11-07 22:28:01,0
2021-11-07 22:28:06,1
2021-11-07 22:28:09,0
2021-11-07 22:28:30,1
2021-11-07 22:28:32,0
2021-11-07 22:29:25,1
2021-11-07 22:29:26,0
2021-11-07 22:29:31,1
2021-11-07 22:29:33,0
2021-11-07 23:02:02,1
2021-11-07 23:02:10,0
2021-11-07 23:02:15,1
2021-11-07 23:02:17,0
2021-11-07 23:02:21,1
2021-11-07 23:02:23,0
2021-11-07 23:02:28,1
2021-11-07 23:02:30,0
2021-11-07 23:06:35,1
2021-11-07 23:06:36,0
2021-11-07 23:13:36,1
2021-11-07 23:13:38,0
2021-11-07 23:19:49,1
2021-11-07 23:19:51,0
2021-11-07 23:20:23,1
2021-11-07 23:20:25,0
2021-11-07 23:20:30,1
2021-11-07 23:20:34,0
2021-11-07 23:23:48,1
2021-11-07 23:23:49,0
2021-11-07 23:23:58,1
2021-11-07 23:24:01,0
2021-11-07 23:24:07,1
2021-11-07 23:24:08,0
2021-11-07 23:24:13,1
2021-11-07 23:24:14,0
2021-11-07 23:24:19,1
2021-11-07 23:24:20,0
2021-11-07 23:24:25,1
2021-11-07 23:24:26,0
2021-11-07 23:24:35,1
2021-11-07 23:24:36,0
2021-11-07 23:24:42,1
2021-11-07 23:24:43,0
2021-11-07 23:24:48,1
2021-11-07 23:24:49,0
2021-11-07 23:25:06,1
2021-11-07 23:25:09,0
2021-11-07 23:26:54,1
2021-11-07 23:26:56,0
2021-11-07 23:27:02,1
2021-11-07 23:27:04,0
2021-11-07 23:27:14,1
2021-11-07 23:27:16,0
2021-11-07 23:27:25,1
2021-11-07 23:27:27,0
2021-11-07 23:37:58,1
2021-11-07 23:38:03,0
2021-11-07 23:38:08,1
2021-11-07 23:38:10,0
2021-11-07 23:38:14,1
2021-11-07 23:38:19,0
2021-11-07 23:38:23,1
2021-11-07 23:38:25,0
2021-11-07 23:38:30,1
2021-11-07 23:38:41,0
2021-11-07 23:38:46,1
2021-11-07 23:38:47,0
2021-11-07 23:38:52,1
2021-11-07 23:38:55,0
2021-11-07 23:55:41,1
2021-11-07 23:55:44,0
2021-11-07 23:55:48,1
2021-11-07 23:55:50,0
2021-11-07 23:55:56,1
2021-11-07 23:55:58,0
2021-11-07 23:56:25,1
2021-11-07 23:56:28,0
2021-11-07 23:56:33,1
2021-11-07 23:56:34,0
2021-11-07 23:56:39,1
2021-11-07 23:56:42,0
2021-11-07 23:57:06,1
2021-11-07 23:57:08,0
2021-11-07 23:57:13,1
2021-11-07 23:57:14,0
2021-11-07 23:57:20,1
2021-11-07 23:57:21,0
2021-11-07 23:57:27,1
2021-11-07 23:57:28,0
2021-11-07 23:57:52,1
2021-11-07 23:57:53,0
2021-11-07 23:58:00,1
2021-11-07 23:58:01,0
2021-11-07 23:58:24,1
2021-11-07 23:58:26,0
2021-11-07 23:58:31,1
2021-11-07 23:58:32,0
2021-11-07 23:58:55,1
2021-11-07 23:58:58,0
2021-11-07 23:59:12,1
2021-11-07 23:59:14,0
2021-11-07 23:59:28,1
2021-11-07 23:59:30,0
2021-11-07 23:59:35,1
2021-11-07 23:59:39,0
2021-11-07 23:59:43,1
2021-11-07 23:59:44,0
2021-11-07 23:59:57,1
2021-11-07 23:59:58,0
2021-11-08 00:00:03,1
2021-11-08 00:00:04,0
2021-11-08 00:00:09,1
2021-11-08 00:00:12,0
2021-11-08 00:00:17,1
2021-11-08 00:00:18,0
2021-11-08 00:00:28,1
2021-11-08 00:00:29,0
2021-11-08 00:00:38,1
2021-11-08 00:00:40,0
2021-11-08 00:00:47,1
2021-11-08 00:00:53,0
2021-11-08 00:00:58,1
2021-11-08 00:01:01,0
2021-11-08 00:01:07,1
2021-11-08 00:01:10,0
2021-11-08 00:01:18,1
2021-11-08 00:01:19,0
2021-11-08 00:01:24,1
2021-11-08 00:01:29,0
2021-11-08 00:01:33,1
2021-11-08 00:01:36,0
2021-11-08 00:01:48,1
2021-11-08 00:01:53,0
2021-11-08 00:06:26,1
2021-11-08 00:06:31,0
2021-11-08 00:06:36,1
2021-11-08 00:06:37,0
2021-11-08 00:07:18,1
2021-11-08 00:07:22,0
2021-11-08 00:08:43,1
2021-11-08 00:08:47,0
2021-11-08 00:08:51,1
2021-11-08 00:08:53,0
2021-11-08 00:09:00,1
2021-11-08 00:09:02,0
2021-11-08 00:09:06,1
2021-11-08 00:09:07,0
2021-11-08 00:09:57,1
2021-11-08 00:10:02,0
2021-11-08 00:10:06,1
2021-11-08 00:10:09,0
2021-11-08 00:10:26,1
2021-11-08 00:10:30,0
2021-11-08 00:10:37,1
2021-11-08 00:10:38,0
2021-11-08 00:10:44,1
2021-11-08 00:10:47,0
2021-11-08 00:10:59,1
2021-11-08 00:11:00,0
2021-11-08 00:11:05,1
2021-11-08 00:11:06,0
2021-11-08 00:11:16,1
2021-11-08 00:11:19,0
2021-11-08 00:11:32,1
2021-11-08 00:11:33,0
2021-11-08 00:11:38,1
2021-11-08 00:11:39,0
2021-11-08 00:11:44,1
2021-11-08 00:11:47,0
2021-11-08 00:12:17,1
2021-11-08 00:12:19,0
2021-11-08 00:12:24,1
2021-11-08 00:12:25,0
2021-11-08 00:12:30,1
2021-11-08 00:12:33,0
2021-11-08 00:12:47,1
2021-11-08 00:12:50,0
2021-11-08 00:13:01,1
2021-11-08 00:13:02,0
2021-11-08 00:13:07,1
2021-11-08 00:13:08,0
2021-11-08 00:13:48,1
2021-11-08 00:13:49,0
2021-11-08 00:19:27,1
2021-11-08 00:19:28,0
2021-11-08 00:24:30,1
2021-11-08 00:24:31,0
2021-11-08 00:25:50,1
2021-11-08 00:25:51,0
2021-11-08 00:26:26,1
2021-11-08 00:26:28,0
2021-11-08 00:34:32,1
2021-11-08 00:34:37,0
2021-11-08 00:35:15,1
2021-11-08 00:35:17,0
2021-11-08 00:37:55,1
2021-11-08 00:37:57,0
2021-11-08 00:38:38,1
2021-11-08 00:38:39,0
2021-11-08 00:39:18,1
2021-11-08 00:39:19,0
2021-11-08 00:39:48,1
2021-11-08 00:39:50,0
2021-11-08 00:40:04,1
2021-11-08 00:40:08,0
2021-11-08 00:40:16,1
2021-11-08 00:40:19,0
2021-11-08 01:00:29,1
2021-11-08 01:00:30,0
2021-11-08 01:19:47,1
2021-11-08 01:19:48,0
2021-11-08 02:10:30,1
2021-11-08 02:10:31,0
2021-11-08 02:10:51,1
2021-11-08 02:10:53,0
2021-11-08 02:11:16,1
2021-11-08 02:11:18,0
2021-11-08 02:11:23,1
2021-11-08 02:11:24,0
2021-11-08 02:11:31,1
2021-11-08 02:11:33,0
2021-11-08 02:11:45,1
2021-11-08 02:11:47,0
2021-11-08 02:11:51,1
2021-11-08 02:11:53,0
2021-11-08 02:11:57,1
2021-11-08 02:11:58,0
2021-11-08 02:12:03,1
2021-11-08 02:12:04,0
2021-11-08 02:12:09,1
2021-11-08 02:12:18,0
2021-11-08 02:12:27,1
2021-11-08 02:12:29,0
2021-11-08 02:12:58,1
2021-11-08 02:13:01,0
2021-11-08 02:13:25,1
2021-11-08 02:13:26,0
2021-11-08 02:21:38,1
2021-11-08 02:21:41,0
2021-11-08 02:21:47,1
2021-11-08 02:21:49,0
2021-11-08 02:21:56,1
2021-11-08 02:21:59,0
2021-11-08 02:22:04,1
2021-11-08 02:22:05,0
2021-11-08 03:01:47,1
2021-11-08 03:01:48,0
2021-11-08 03:02:03,1
2021-11-08 03:02:04,0
2021-11-08 03:19:14,1
2021-11-08 03:19:17,0
2021-11-08 03:23:13,1
2021-11-08 03:23:17,0
2021-11-08 03:23:26,1
2021-11-08 03:23:28,0
2021-11-08 03:23:39,1
2021-11-08 03:23:40,0
2021-11-08 03:43:52,1
2021-11-08 03:43:53,0
2021-11-08 03:44:00,1
2021-11-08 03:44:01,0
2021-11-08 03:47:33,1
2021-11-08 03:47:34,0
2021-11-08 03:56:13,1
2021-11-08 03:56:14,0
2021-11-08 03:56:20,1
2021-11-08 03:56:21,0
2021-11-08 03:57:14,1
2021-11-08 03:57:15,0
2021-11-08 03:57:33,1
2021-11-08 03:57:36,0
2021-11-08 03:58:28,1
2021-11-08 03:58:31,0
2021-11-08 04:05:54,1
2021-11-08 04:05:55,0
2021-11-08 04:07:28,1
2021-11-08 04:07:30,0
2021-11-08 04:29:58,1
2021-11-08 04:29:59,0
2021-11-08 04:33:52,1
2021-11-08 04:33:54,0
2021-11-08 04:38:15,1
2021-11-08 04:38:17,0
2021-11-08 04:41:04,1
2021-11-08 04:41:05,0
2021-11-08 04:42:40,1
2021-11-08 04:42:41,0
2021-11-08 04:42:46,1
2021-11-08 04:42:51,0
2021-11-08 04:48:05,1
2021-11-08 04:48:06,0
2021-11-08 05:01:27,1
2021-11-08 05:01:28,0
2021-11-08 05:01:37,1
2021-11-08 05:01:41,0
2021-11-08 05:04:17,1
2021-11-08 05:04:20,0
2021-11-08 05:09:22,1
2021-11-08 05:09:26,0
2021-11-08 05:09:30,1
2021-11-08 05:09:35,0
2021-11-08 05:17:00,1
2021-11-08 05:17:01,0
2021-11-08 05:24:20,1
2021-11-08 05:24:21,0
2021-11-08 05:24:33,1
2021-11-08 05:24:34,0
2021-11-08 05:30:07,1
2021-11-08 05:30:09,0
2021-11-08 05:30:15,1
2021-11-08 05:30:18,0
2021-11-08 05:46:19,1
2021-11-08 05:46:21,0
2021-11-08 06:01:29,1
2021-11-08 06:01:31,0
2021-11-08 06:18:36,1
2021-11-08 06:18:37,0
2021-11-08 06:28:40,1
2021-11-08 06:28:41,0
2021-11-08 06:44:46,1
2021-11-08 06:44:48,0
2021-11-08 06:49:18,1
2021-11-08 06:49:20,0
2021-11-08 07:00:08,1
2021-11-08 07:00:09,0
2021-11-08 07:05:05,1
2021-11-08 07:05:06,0
2021-11-08 07:05:12,1
2021-11-08 07:05:14,0
2021-11-08 07:08:26,1
2021-11-08 07:08:29,0
2021-11-08 07:08:34,1
2021-11-08 07:08:35,0
2021-11-08 07:08:40,1
2021-11-08 07:08:41,0
2021-11-08 07:08:58,1
2021-11-08 07:09:00,0
2021-11-08 07:09:06,1
2021-11-08 07:09:07,0
2021-11-08 07:09:13,1
2021-11-08 07:09:15,0
2021-11-08 07:09:24,1
2021-11-08 07:09:26,0
2021-11-08 07:09:31,1
2021-11-08 07:09:37,0
2021-11-08 07:09:42,1
2021-11-08 07:09:43,0
2021-11-08 07:10:13,1
2021-11-08 07:10:14,0
2021-11-08 07:13:55,1
2021-11-08 07:13:56,0
2021-11-08 07:14:01,1
2021-11-08 07:14:03,0
2021-11-08 07:14:08,1
2021-11-08 07:14:09,0
2021-11-08 07:14:15,1
2021-11-08 07:14:19,0
2021-11-08 07:14:30,1
2021-11-08 07:14:35,0
2021-11-08 07:15:42,1
2021-11-08 07:15:44,0
2021-11-08 07:15:48,1
2021-11-08 07:15:50,0
2021-11-08 07:16:06,1
2021-11-08 07:16:08,0
2021-11-08 07:16:13,1
2021-11-08 07:16:14,0
2021-11-08 07:17:15,1
2021-11-08 07:17:18,0
2021-11-08 07:17:36,1
2021-11-08 07:17:37,0
2021-11-08 07:17:51,1
2021-11-08 07:17:54,0
2021-11-08 07:18:00,1
2021-11-08 07:18:07,0
2021-11-08 07:18:13,1
2021-11-08 07:18:14,0
2021-11-08 07:18:34,1
2021-11-08 07:18:35,0
2021-11-08 07:26:13,1
2021-11-08 07:26:16,0
2021-11-08 07:26:21,1
2021-11-08 07:26:22,0
2021-11-08 07:26:27,1
2021-11-08 07:26:30,0
2021-11-08 07:29:52,1
2021-11-08 07:29:53,0
2021-11-08 07:29:58,1
2021-11-08 07:29:59,0
2021-11-08 07:30:13,1
2021-11-08 07:30:14,0
2021-11-08 07:30:20,1
2021-11-08 07:30:22,0
2021-11-08 07:30:37,1
2021-11-08 07:30:39,0
2021-11-08 07:30:44,1
2021-11-08 07:30:47,0
2021-11-08 07:30:51,1
2021-11-08 07:30:54,0
2021-11-08 07:30:58,1
2021-11-08 07:31:01,0
2021-11-08 07:31:08,1
2021-11-08 07:31:09,0
2021-11-08 07:31:13,1
2021-11-08 07:31:20,0
2021-11-08 07:32:24,1
2021-11-08 07:32:26,0
2021-11-08 07:32:32,1
2021-11-08 07:32:33,0
2021-11-08 07:44:26,1
2021-11-08 07:44:28,0
2021-11-08 07:44:33,1
2021-11-08 07:44:36,0
2021-11-08 07:44:41,1
2021-11-08 07:44:42,0
2021-11-08 07:44:46,1
2021-11-08 07:44:48,0
2021-11-08 07:44:56,1
2021-11-08 07:44:57,0
2021-11-08 07:45:03,1
2021-11-08 07:45:05,0
2021-11-08 07:45:09,1
2021-11-08 07:45:13,0
2021-11-08 07:45:17,1
2021-11-08 07:45:20,0
2021-11-08 07:45:25,1
2021-11-08 07:45:27,0
2021-11-08 07:49:40,1
2021-11-08 07:49:41,0
2021-11-08 07:50:05,1
2021-11-08 07:50:06,0
2021-11-08 07:50:41,1
2021-11-08 07:50:43,0
2021-11-08 07:51:12,1
2021-11-08 07:51:16,0
2021-11-08 07:51:21,1
2021-11-08 07:51:23,0
2021-11-08 07:51:28,1
2021-11-08 07:51:32,0
2021-11-08 07:51:38,1
2021-11-08 07:51:40,0
2021-11-08 07:51:46,1
2021-11-08 07:51:49,0
2021-11-08 07:51:53,1
2021-11-08 07:51:54,0
2021-11-08 07:52:02,1
2021-11-08 07:52:06,0
2021-11-08 07:55:57,1
2021-11-08 07:55:59,0
2021-11-08 07:56:05,1
2021-11-08 07:56:08,0
2021-11-08 07:58:32,1
2021-11-08 07:58:33,0
2021-11-08 08:00:05,1
2021-11-08 08:00:07,0
2021-11-08 08:00:12,1
2021-11-08 08:00:14,0
2021-11-08 08:02:44,1
2021-11-08 08:02:46,0
2021-11-08 08:42:00,1
2021-11-08 08:42:02,0
2021-11-08 09:18:53,1
2021-11-08 09:18:55,0
2021-11-08 09:29:03,1
2021-11-08 09:29:04,0
2021-11-08 09:30:20,1
2021-11-08 09:30:21,0
2021-11-08 09:40:52,1
2021-11-08 09:40:54,0
2021-11-08 09:41:19,1
2021-11-08 09:41:21,0
2021-11-08 10:13:46,1
2021-11-08 10:13:49,0
2021-11-08 10:16:47,1
2021-11-08 10:16:48,0
2021-11-08 10:42:39,1
2021-11-08 10:42:40,0
2021-11-08 10:42:46,1
2021-11-08 10:42:47,0
2021-11-08 10:43:56,1
2021-11-08 10:43:58,0
2021-11-08 10:44:10,1
2021-11-08 10:44:11,0
2021-11-08 10:45:19,1
2021-11-08 10:45:22,0
2021-11-08 10:45:36,1
2021-11-08 10:45:38,0
2021-11-08 10:45:43,1
2021-11-08 10:45:44,0
2021-11-08 10:45:49,1
2021-11-08 10:45:56,0
2021-11-08 10:46:01,1
2021-11-08 10:46:03,0
2021-11-08 10:46:08,1
2021-11-08 10:46:10,0
2021-11-08 10:47:05,1
2021-11-08 10:47:08,0
2021-11-08 10:47:14,1
2021-11-08 10:47:21,1
2021-11-08 10:47:22,0
2021-11-08 10:47:27,1
2021-11-08 10:47:28,0
2021-11-08 11:10:15,1
2021-11-08 11:10:16,0
2021-11-08 11:13:40,1
2021-11-08 11:13:42,0
2021-11-08 11:14:23,1
2021-11-08 11:14:27,0
2021-11-08 11:14:31,1
2021-11-08 11:14:32,0
2021-11-08 11:24:06,1
2021-11-08 11:24:09,0
2021-11-08 11:24:14,1
2021-11-08 11:24:15,0
2021-11-08 11:24:19,1
2021-11-08 11:24:20,0
2021-11-08 11:24:25,1
2021-11-08 11:24:26,0
2021-11-08 11:24:43,1
2021-11-08 11:24:45,0
2021-11-08 11:24:57,1
2021-11-08 11:24:58,0
2021-11-08 11:27:30,1
2021-11-08 11:27:32,0
2021-11-08 11:28:15,1
2021-11-08 11:28:16,0
2021-11-08 11:31:53,1
2021-11-08 11:31:54,0
2021-11-08 11:34:01,1
2021-11-08 11:34:02,0
2021-11-08 11:38:43,1
2021-11-08 11:38:45,0
2021-11-08 11:39:21,1
2021-11-08 11:39:23,0
2021-11-08 11:39:43,1
2021-11-08 11:39:44,0
2021-11-08 11:43:45,1
2021-11-08 11:43:46,0
2021-11-08 11:43:52,1
2021-11-08 11:43:53,0
2021-11-08 11:45:25,1
2021-11-08 11:45:27,0
2021-11-08 11:45:32,1
2021-11-08 11:45:33,0
2021-11-08 11:45:37,1
2021-11-08 11:45:39,0
2021-11-08 11:45:46,1
2021-11-08 11:45:47,0
2021-11-08 11:45:52,1
2021-11-08 11:45:53,0
2021-11-08 11:46:05,1
2021-11-08 11:46:07,0
2021-11-08 11:46:12,1
2021-11-08 11:46:15,0
2021-11-08 11:46:20,1
2021-11-08 11:46:24,0
2021-11-08 11:46:30,1
2021-11-08 11:46:32,0
2021-11-08 11:46:38,1
2021-11-08 11:46:41,0
2021-11-08 11:46:55,1
2021-11-08 11:46:58,0
2021-11-08 11:47:07,1
2021-11-08 11:47:10,0
2021-11-08 11:47:15,1
2021-11-08 11:47:20,0
2021-11-08 11:47:25,1
2021-11-08 11:47:27,0
2021-11-08 11:47:32,1
2021-11-08 11:47:36,0
2021-11-08 11:47:43,1
2021-11-08 11:47:48,0
2021-11-08 11:53:19,1
2021-11-08 11:53:20,0
2021-11-08 11:54:04,1
2021-11-08 11:54:05,0
2021-11-08 13:29:34,1
2021-11-08 13:29:39,0
2021-11-08 13:29:45,1
2021-11-08 13:29:47,0
2021-11-08 13:29:52,1
2021-11-08 13:29:54,0
2021-11-08 13:30:02,1
2021-11-08 13:30:03,0
2021-11-08 13:30:15,1
2021-11-08 13:30:18,0
2021-11-08 13:30:25,1
2021-11-08 13:30:28,0
2021-11-08 13:30:32,1
2021-11-08 13:30:34,0
2021-11-08 13:30:39,1
2021-11-08 13:30:40,0
2021-11-08 13:30:45,1
2021-11-08 13:30:48,0
2021-11-08 13:30:52,1
2021-11-08 13:30:55,0
2021-11-08 13:31:01,1
2021-11-08 13:31:02,0
2021-11-08 13:31:07,1
2021-11-08 13:31:10,0
2021-11-08 13:31:15,1
2021-11-08 13:31:20,0
2021-11-08 13:31:26,1
2021-11-08 13:31:29,0
2021-11-08 13:31:41,1
2021-11-08 13:31:42,0
2021-11-08 13:31:46,1
2021-11-08 13:31:47,0
2021-11-08 13:31:52,1
2021-11-08 13:31:56,0
2021-11-08 13:32:02,1
2021-11-08 13:32:03,0
2021-11-08 13:32:09,1
2021-11-08 13:32:10,0
2021-11-08 13:32:16,1
2021-11-08 13:32:17,0
2021-11-08 13:32:21,1
2021-11-08 13:32:23,0
2021-11-08 13:32:28,1
2021-11-08 13:32:30,0
2021-11-08 13:32:35,1
2021-11-08 13:32:39,0
2021-11-08 13:32:45,1
2021-11-08 13:32:49,0
2021-11-08 13:32:55,1
2021-11-08 13:33:00,0
2021-11-08 13:33:06,1
2021-11-08 13:33:07,0
2021-11-08 13:33:14,1
2021-11-08 13:33:16,0
2021-11-08 13:33:21,1
2021-11-08 13:33:23,0
2021-11-08 13:33:27,1
2021-11-08 13:33:30,0
2021-11-08 13:33:35,1
2021-11-08 13:33:36,0
2021-11-08 13:33:42,1
2021-11-08 13:33:45,0
2021-11-08 13:33:52,1
2021-11-08 13:33:53,0
2021-11-08 13:33:58,1
2021-11-08 13:34:07,0
2021-11-08 13:34:11,1
2021-11-08 13:34:15,0
2021-11-08 13:34:21,1
2021-11-08 13:34:23,0
2021-11-08 13:34:29,1
2021-11-08 13:34:30,0
2021-11-08 13:34:38,1
2021-11-08 13:34:40,0
2021-11-08 13:34:46,1
2021-11-08 13:34:47,0
2021-11-08 13:34:52,1
2021-11-08 13:34:53,0
2021-11-08 13:34:59,1
2021-11-08 13:35:00,0
2021-11-08 13:35:04,1
2021-11-08 13:35:06,0
2021-11-08 13:35:12,1
2021-11-08 13:35:18,0
2021-11-08 13:35:23,1
2021-11-08 13:35:25,0
2021-11-08 13:35:34,1
2021-11-08 13:35:37,0
2021-11-08 13:35:44,1
2021-11-08 13:35:50,0
2021-11-08 13:36:00,1
2021-11-08 13:36:01,0
2021-11-08 13:36:08,1
2021-11-08 13:36:10,0
2021-11-08 13:36:22,1
2021-11-08 13:36:25,0
2021-11-08 13:36:42,1
2021-11-08 13:36:44,0
2021-11-08 13:36:50,1
2021-11-08 13:36:52,0
2021-11-08 13:36:57,1
2021-11-08 13:37:00,0
2021-11-08 13:37:10,1
2021-11-08 13:37:14,0
2021-11-08 13:37:20,1
2021-11-08 13:37:23,0
2021-11-08 13:37:28,1
2021-11-08 13:37:30,0
2021-11-08 13:37:34,1
2021-11-08 13:37:36,0
2021-11-08 13:37:41,1
2021-11-08 13:37:42,0
2021-11-08 13:37:48,1
2021-11-08 13:37:50,0
2021-11-08 13:37:56,1
2021-11-08 13:37:57,0
2021-11-08 13:38:03,1
2021-11-08 13:38:05,0
2021-11-08 13:38:20,1
2021-11-08 13:38:29,0
2021-11-08 13:38:35,1
2021-11-08 13:38:36,0
2021-11-08 13:38:41,1
2021-11-08 13:38:45,0
2021-11-08 13:38:57,1
2021-11-08 13:39:02,0
2021-11-08 13:39:08,1
2021-11-08 13:39:09,0
2021-11-08 13:39:14,1
2021-11-08 13:39:16,0
2021-11-08 13:39:21,1
2021-11-08 13:39:22,0
2021-11-08 13:39:30,1
2021-11-08 13:39:31,0
2021-11-08 13:39:35,1
2021-11-08 13:39:40,0
2021-11-08 13:39:52,1
2021-11-08 13:39:54,0
2021-11-08 13:39:59,1
2021-11-08 13:40:02,0
2021-11-08 13:40:08,1
2021-11-08 13:40:10,0
2021-11-08 13:40:16,1
2021-11-08 13:40:17,0
2021-11-08 13:40:25,1
2021-11-08 13:40:28,0
2021-11-08 13:40:46,1
2021-11-08 13:40:48,0
2021-11-08 13:40:53,1
2021-11-08 13:40:55,0
2021-11-08 13:41:00,1
2021-11-08 13:41:02,0
2021-11-08 13:41:06,1
2021-11-08 13:41:10,0
2021-11-08 13:41:22,1
2021-11-08 13:41:23,0
2021-11-08 13:43:16,1
2021-11-08 13:43:23,0
2021-11-08 13:43:28,1
2021-11-08 13:43:30,0
2021-11-08 13:43:35,1
2021-11-08 13:43:36,0
2021-11-08 13:44:28,1
2021-11-08 13:44:33,0
2021-11-08 13:48:59,1
2021-11-08 13:49:03,0
2021-11-08 13:49:13,1
2021-11-08 13:49:14,0
2021-11-08 13:49:21,1
2021-11-08 13:49:22,0
2021-11-08 13:49:27,1
2021-11-08 13:49:28,0
2021-11-08 13:49:32,1
2021-11-08 13:49:37,0
2021-11-08 13:49:44,1
2021-11-08 13:49:47,0
2021-11-08 13:49:52,1
2021-11-08 13:49:54,0
2021-11-08 13:55:33,1
2021-11-08 13:55:36,0
2021-11-08 14:08:54,1
2021-11-08 14:08:55,0
2021-11-08 14:09:00,1
2021-11-08 14:09:03,0
2021-11-08 14:10:41,1
2021-11-08 14:10:45,0
2021-11-08 14:10:53,1
2021-11-08 14:10:55,0
2021-11-08 14:11:08,1
2021-11-08 14:11:11,0
2021-11-08 14:55:11,1
2021-11-08 14:55:13,0
2021-11-08 15:48:37,1
2021-11-08 15:48:38,0
2021-11-08 15:48:44,1
2021-11-08 15:48:47,0
2021-11-08 16:03:14,1
2021-11-08 16:03:15,0
2021-11-08 16:03:28,1
2021-11-08 16:03:32,0
2021-11-08 16:03:45,1
2021-11-08 16:03:46,0
2021-11-08 16:03:52,1
2021-11-08 16:03:53,0
2021-11-08 16:07:03,1
2021-11-08 16:07:05,0
2021-11-08 16:15:52,1
2021-11-08 16:15:57,0
2021-11-08 16:16:01,1
2021-11-08 16:16:03,0
2021-11-08 16:16:08,1
2021-11-08 16:16:11,0
2021-11-08 16:16:50,1
2021-11-08 16:16:55,0
2021-11-08 16:17:00,1
2021-11-08 16:17:01,0
2021-11-08 16:18:18,1
2021-11-08 16:18:21,0
2021-11-08 16:34:09,1
2021-11-08 16:34:13,0
2021-11-08 16:34:18,1
2021-11-08 16:34:20,0
2021-11-08 16:34:26,1
2021-11-08 16:34:27,0
2021-11-08 16:35:03,1
2021-11-08 16:35:04,0
2021-11-08 16:35:09,1
2021-11-08 16:35:11,0
2021-11-08 16:57:19,1
2021-11-08 16:57:22,0
2021-11-08 17:09:08,1
2021-11-08 17:09:10,0
2021-11-08 17:53:36,1
2021-11-08 17:53:39,0
2021-11-08 18:11:06,1
2021-11-08 18:11:09,0
2021-11-08 18:39:34,1
2021-11-08 18:39:36,0
2021-11-08 18:40:43,1
2021-11-08 18:40:44,0
2021-11-08 18:42:18,1
2021-11-08 18:42:19,0
2021-11-08 18:44:07,1
2021-11-08 18:44:10,0
2021-11-08 18:44:24,1
2021-11-08 18:44:26,0
2021-11-08 18:50:38,1
2021-11-08 18:50:39,0
2021-11-08 18:52:32,1
2021-11-08 18:52:37,0
2021-11-08 18:52:43,1
2021-11-08 18:52:45,0
2021-11-08 18:52:49,1
2021-11-08 18:52:50,0
2021-11-08 18:52:55,1
2021-11-08 18:52:56,0
2021-11-08 18:53:11,1
2021-11-08 18:53:14,0
2021-11-08 18:53:19,1
2021-11-08 18:53:24,0
2021-11-08 18:53:41,1
2021-11-08 18:53:43,0
2021-11-08 18:53:47,1
2021-11-08 18:53:50,0
2021-11-08 18:54:12,1
2021-11-08 18:54:14,0
2021-11-08 18:54:19,1
2021-11-08 18:54:20,0
2021-11-08 18:55:45,1
2021-11-08 18:55:47,0
2021-11-08 19:16:07,1
2021-11-08 19:16:09,0
2021-11-08 19:18:45,1
2021-11-08 19:18:48,0
2021-11-08 19:20:03,1
2021-11-08 19:20:05,0
2021-11-08 19:20:20,1
2021-11-08 19:20:22,0
2021-11-08 19:20:41,1
2021-11-08 19:20:42,0
2021-11-08 19:21:14,1
2021-11-08 19:21:17,0
2021-11-08 19:21:24,1
2021-11-08 19:21:26,0
2021-11-08 19:21:35,1
2021-11-08 19:21:36,0
2021-11-08 19:21:42,1
2021-11-08 19:21:47,0
2021-11-08 19:21:51,1
2021-11-08 19:21:52,0
2021-11-08 19:21:59,1
2021-11-08 19:22:00,0
2021-11-08 19:22:17,1
2021-11-08 19:22:18,0
2021-11-08 19:22:23,1
2021-11-08 19:22:24,0
2021-11-08 19:22:32,1
2021-11-08 19:22:33,0
2021-11-08 19:22:38,1
2021-11-08 19:22:41,0
2021-11-08 19:22:47,1
2021-11-08 19:22:49,0
2021-11-08 19:22:54,1
2021-11-08 19:22:55,0
2021-11-08 19:23:00,1
2021-11-08 19:23:01,0
2021-11-08 19:23:07,1
2021-11-08 19:23:08,0
2021-11-08 19:23:13,1
2021-11-08 19:23:15,0
2021-11-08 19:23:22,1
2021-11-08 19:23:23,0
2021-11-08 19:23:28,1
2021-11-08 19:23:29,0
2021-11-08 19:23:34,1
2021-11-08 19:23:35,0
2021-11-08 19:23:45,1
2021-11-08 19:23:46,0
2021-11-08 19:23:50,1
2021-11-08 19:23:52,0
2021-11-08 19:23:56,1
2021-11-08 19:23:58,0
2021-11-08 19:33:23,1
2021-11-08 19:33:27,0
2021-11-08 19:33:32,1
2021-11-08 19:33:37,0
2021-11-08 19:35:38,1
2021-11-08 19:35:41,0
2021-11-08 19:35:47,1
2021-11-08 19:35:49,0
2021-11-08 19:35:55,1
2021-11-08 19:36:00,0
2021-11-08 19:41:35,1
2021-11-08 19:41:38,0
2021-11-08 19:41:45,1
2021-11-08 19:41:46,0
2021-11-08 19:41:50,1
2021-11-08 19:41:52,0
2021-11-08 19:50:39,1
2021-11-08 19:50:40,0
2021-11-08 19:55:03,1
2021-11-08 19:55:04,0
2021-11-08 20:43:37,1
2021-11-08 20:43:41,0
2021-11-08 20:43:47,1
2021-11-08 20:43:50,0
2021-11-08 20:43:56,1
2021-11-08 20:43:57,0
2021-11-08 20:44:02,1
2021-11-08 20:44:05,0
2021-11-08 20:44:10,1
2021-11-08 20:44:12,0
2021-11-08 20:44:17,1
2021-11-08 20:44:18,0
2021-11-08 20:44:23,1
2021-11-08 20:44:26,0
2021-11-08 20:44:32,1
2021-11-08 20:44:34,0
2021-11-08 20:44:39,1
2021-11-08 20:44:40,0
2021-11-08 20:44:44,1
2021-11-08 20:44:45,0
2021-11-08 20:44:51,1
2021-11-08 20:44:53,0
2021-11-08 21:51:07,1
2021-11-08 21:51:08,0
2021-11-08 22:12:23,1
2021-11-08 22:12:24,0
2021-11-08 22:12:29,1
2021-11-08 22:12:30,0
2021-11-08 22:13:26,1
2021-11-08 22:13:28,0
2021-11-08 22:13:33,1
2021-11-08 22:13:34,0
2021-11-08 22:13:39,1
2021-11-08 22:13:40,0
2021-11-08 22:13:45,1
2021-11-08 22:13:46,0
2021-11-08 22:13:53,1
2021-11-08 22:13:55,0
2021-11-08 22:15:31,1
2021-11-08 22:15:33,0
2021-11-08 22:18:01,1
2021-11-08 22:18:04,0
2021-11-08 22:25:19,1
2021-11-08 22:25:21,0
2021-11-08 22:25:44,1
2021-11-08 22:25:46,0
2021-11-08 22:25:52,1
2021-11-08 22:25:53,0
2021-11-08 22:25:58,1
2021-11-08 22:25:59,0
2021-11-08 22:26:04,1
2021-11-08 22:26:06,0
2021-11-08 22:50:46,1
2021-11-08 22:50:48,0
2021-11-08 23:07:39,1
2021-11-08 23:07:40,0
2021-11-08 23:07:45,1
2021-11-08 23:07:48,0
2021-11-08 23:08:07,1
2021-11-08 23:08:09,0
2021-11-08 23:08:14,1
2021-11-08 23:08:17,0
2021-11-08 23:08:22,1
2021-11-08 23:08:27,0
2021-11-08 23:42:56,1
2021-11-08 23:42:59,0
2021-11-08 23:43:05,1
2021-11-08 23:43:06,0
2021-11-08 23:43:12,1
2021-11-08 23:43:13,0
2021-11-08 23:43:18,1
2021-11-08 23:43:20,0
2021-11-08 23:43:25,1
2021-11-08 23:43:26,0
2021-11-08 23:44:14,1
2021-11-08 23:44:16,0
2021-11-08 23:44:22,1
2021-11-08 23:44:23,0
2021-11-08 23:44:29,1
2021-11-08 23:44:30,0
2021-11-09 00:06:35,1
2021-11-09 00:06:40,0
2021-11-09 00:06:44,1
2021-11-09 00:06:45,0
2021-11-09 00:06:54,1
2021-11-09 00:06:56,0
2021-11-09 00:08:50,1
2021-11-09 00:08:53,0
2021-11-09 00:10:04,1
2021-11-09 00:10:07,0
2021-11-09 00:11:25,1
2021-11-09 00:11:28,0
2021-11-09 00:11:32,1
2021-11-09 00:11:35,0
2021-11-09 00:11:39,1
2021-11-09 00:11:41,0
2021-11-09 00:19:13,1
2021-11-09 00:19:15,0
2021-11-09 00:19:20,1
2021-11-09 00:19:22,0
2021-11-09 00:19:30,1
2021-11-09 00:19:34,0
2021-11-09 00:19:39,1
2021-11-09 00:19:40,0
2021-11-09 00:19:47,1
2021-11-09 00:19:48,0
2021-11-09 00:19:53,1
2021-11-09 00:19:54,0
2021-11-09 00:24:10,1
2021-11-09 00:24:13,0
2021-11-09 00:24:29,1
2021-11-09 00:24:32,0
2021-11-09 00:24:38,1
2021-11-09 00:24:39,0
2021-11-09 00:24:43,1
2021-11-09 00:24:54,0
2021-11-09 00:24:58,1
2021-11-09 00:24:59,0
2021-11-09 00:25:22,1
2021-11-09 00:25:26,0
2021-11-09 00:25:31,1
2021-11-09 00:25:32,0
2021-11-09 00:29:14,1
2021-11-09 00:29:16,0
2021-11-09 00:29:20,1
2021-11-09 00:29:22,0
2021-11-09 00:29:37,1
2021-11-09 00:29:40,0
2021-11-09 00:29:44,1
2021-11-09 00:29:46,0
2021-11-09 00:29:51,1
2021-11-09 00:29:52,0
2021-11-09 00:29:56,1
2021-11-09 00:29:59,0
2021-11-09 00:30:06,1
2021-11-09 00:30:10,0
2021-11-09 00:30:14,1
2021-11-09 00:30:15,0
2021-11-09 00:30:49,1
2021-11-09 00:30:53,0
2021-11-09 00:30:59,1
2021-11-09 00:31:01,0
2021-11-09 00:31:37,1
2021-11-09 00:31:43,0
2021-11-09 00:32:12,1
2021-11-09 00:32:14,0
2021-11-09 00:32:22,1
2021-11-09 00:32:24,0
2021-11-09 00:32:29,1
2021-11-09 00:32:30,0
2021-11-09 00:35:20,1
2021-11-09 00:35:21,0
2021-11-09 00:35:35,1
2021-11-09 00:35:37,0
2021-11-09 00:35:58,1
2021-11-09 00:36:02,0
2021-11-09 00:36:13,1
2021-11-09 00:36:17,0
2021-11-09 00:36:52,1
2021-11-09 00:36:59,0
2021-11-09 00:37:12,1
2021-11-09 00:37:14,0
2021-11-09 00:37:19,1
2021-11-09 00:37:20,0
2021-11-09 00:37:24,1
2021-11-09 00:37:27,0
2021-11-09 00:37:34,1
2021-11-09 00:37:37,0
2021-11-09 00:50:06,1
2021-11-09 00:50:08,0
2021-11-09 00:52:35,1
2021-11-09 00:52:36,0
2021-11-09 00:52:40,1
2021-11-09 00:52:43,0
2021-11-09 00:52:49,1
2021-11-09 00:52:51,0
2021-11-09 00:52:56,1
2021-11-09 00:52:58,0
2021-11-09 00:57:57,1
2021-11-09 00:57:58,0
2021-11-09 01:01:18,1
2021-11-09 01:01:20,0
2021-11-09 01:06:51,1
2021-11-09 01:06:53,0
2021-11-09 01:07:33,1
2021-11-09 01:07:34,0
2021-11-09 01:56:48,1
2021-11-09 01:56:50,0
2021-11-09 02:04:03,1
2021-11-09 02:04:04,0
2021-11-09 02:04:10,1
2021-11-09 02:04:12,0
2021-11-09 02:04:33,1
2021-11-09 02:04:34,0
2021-11-09 02:04:41,1
2021-11-09 02:04:42,0
2021-11-09 02:12:12,1
2021-11-09 02:12:13,0
2021-11-09 02:12:18,1
2021-11-09 02:12:19,0
2021-11-09 02:12:23,1
2021-11-09 02:12:26,0
2021-11-09 02:12:31,1
2021-11-09 02:12:32,0
2021-11-09 02:12:41,1
2021-11-09 02:12:47,0
2021-11-09 02:12:55,1
2021-11-09 02:12:58,0
2021-11-09 02:13:10,1
2021-11-09 02:13:12,0
2021-11-09 02:13:31,1
2021-11-09 02:13:32,0
2021-11-09 02:13:47,1
2021-11-09 02:13:56,0
2021-11-09 02:18:05,1
2021-11-09 02:18:08,0
2021-11-09 02:18:16,1
2021-11-09 02:18:20,0
2021-11-09 02:18:26,1
2021-11-09 02:18:29,0
2021-11-09 02:18:37,1
2021-11-09 02:18:38,0
2021-11-09 02:18:44,1
2021-11-09 02:18:45,0
2021-11-09 02:18:50,1
2021-11-09 02:18:51,0
2021-11-09 02:18:59,1
2021-11-09 02:19:00,0
2021-11-09 02:19:06,1
2021-11-09 02:19:08,0
2021-11-09 02:19:31,1
2021-11-09 02:19:35,0
2021-11-09 02:19:41,1
2021-11-09 02:19:43,0
2021-11-09 02:19:48,1
2021-11-09 02:19:50,0
2021-11-09 02:20:01,1
2021-11-09 02:20:03,0
2021-11-09 02:22:58,1
2021-11-09 02:22:59,0
2021-11-09 02:25:35,1
2021-11-09 02:25:39,0
2021-11-09 02:25:43,1
2021-11-09 02:25:44,0
2021-11-09 02:25:49,1
2021-11-09 02:25:51,0
2021-11-09 02:25:57,1
2021-11-09 02:26:00,0
2021-11-09 02:26:38,1
2021-11-09 02:26:39,0
2021-11-09 02:26:59,1
2021-11-09 02:27:01,0
2021-11-09 02:27:20,1
2021-11-09 02:27:21,0
2021-11-09 02:27:27,1
2021-11-09 02:27:31,0
2021-11-09 02:27:35,1
2021-11-09 02:27:36,0
2021-11-09 02:27:41,1
2021-11-09 02:27:42,0
2021-11-09 02:27:55,1
2021-11-09 02:27:57,0
2021-11-09 02:28:06,1
2021-11-09 02:28:07,0
2021-11-09 02:28:31,1
2021-11-09 02:28:33,0
2021-11-09 02:29:17,1
2021-11-09 02:29:18,0
2021-11-09 02:31:13,1
2021-11-09 02:31:15,0
2021-11-09 02:33:12,1
2021-11-09 02:33:14,0
2021-11-09 02:33:59,1
2021-11-09 02:34:01,0
2021-11-09 02:34:07,1
2021-11-09 02:34:09,0
2021-11-09 02:34:21,1
2021-11-09 02:34:23,0
2021-11-09 02:34:28,1
2021-11-09 02:34:39,0
2021-11-09 02:34:44,1
2021-11-09 02:34:45,0
2021-11-09 02:34:51,1
2021-11-09 02:34:59,0
2021-11-09 02:35:04,1
2021-11-09 02:35:11,0
2021-11-09 02:35:16,1
2021-11-09 02:35:33,0
2021-11-09 02:35:38,1
2021-11-09 02:35:41,0
2021-11-09 02:36:08,1
2021-11-09 02:36:10,0
2021-11-09 02:36:15,1
2021-11-09 02:36:16,0
2021-11-09 02:36:25,1
2021-11-09 02:36:27,0
2021-11-09 02:38:40,1
2021-11-09 02:38:43,0
2021-11-09 02:39:00,1
2021-11-09 02:39:01,0
2021-11-09 02:39:40,1
2021-11-09 02:39:42,0
2021-11-09 02:39:48,1
2021-11-09 02:39:50,0
2021-11-09 02:39:55,1
2021-11-09 02:40:05,0
2021-11-09 02:40:09,1
2021-11-09 02:40:10,0
2021-11-09 02:40:20,1
2021-11-09 02:40:24,0
2021-11-09 02:40:29,1
2021-11-09 02:40:32,0
2021-11-09 02:40:37,1
2021-11-09 02:40:38,0
2021-11-09 02:40:44,1
2021-11-09 02:40:46,0
2021-11-09 02:40:51,1
2021-11-09 02:40:53,0
2021-11-09 02:40:57,1
2021-11-09 02:41:02,0
2021-11-09 02:41:09,1
2021-11-09 02:41:12,0
2021-11-09 02:41:16,1
2021-11-09 02:41:18,0
2021-11-09 02:41:24,1
2021-11-09 02:41:32,0
2021-11-09 02:41:37,1
2021-11-09 02:41:39,0
2021-11-09 02:41:45,1
2021-11-09 02:41:46,0
2021-11-09 02:41:52,1
2021-11-09 02:41:54,0
2021-11-09 02:41:59,1
2021-11-09 02:42:02,0
2021-11-09 02:42:10,1
2021-11-09 02:42:14,0
2021-11-09 02:42:24,1
2021-11-09 02:42:26,0
2021-11-09 02:42:36,1
2021-11-09 02:42:37,0
2021-11-09 02:43:11,1
2021-11-09 02:43:18,0
2021-11-09 02:43:23,1
2021-11-09 02:43:24,0
2021-11-09 02:43:29,1
2021-11-09 02:43:35,0
2021-11-09 02:43:42,1
2021-11-09 02:43:44,0
2021-11-09 02:47:38,1
2021-11-09 02:47:42,0
2021-11-09 02:47:48,1
2021-11-09 02:47:49,0
2021-11-09 03:09:33,1
2021-11-09 03:09:34,0
2021-11-09 03:22:23,1
2021-11-09 03:22:25,0
2021-11-09 03:45:24,1
2021-11-09 03:45:25,0
2021-11-09 05:47:35,1
2021-11-09 05:47:37,0
2021-11-09 05:48:23,1
2021-11-09 05:48:24,0
2021-11-09 05:50:01,1
2021-11-09 05:50:03,0
2021-11-09 05:51:16,1
2021-11-09 05:51:18,0
2021-11-09 06:04:59,1
2021-11-09 06:05:00,0
2021-11-09 06:58:38,1
2021-11-09 06:58:39,0
2021-11-09 07:13:52,1
2021-11-09 07:13:55,0
2021-11-09 07:22:02,1
2021-11-09 07:22:04,0
2021-11-09 07:51:19,1
2021-11-09 07:51:20,0
2021-11-09 07:57:25,1
2021-11-09 07:57:26,0
2021-11-09 08:01:09,1
2021-11-09 08:01:12,0
2021-11-09 08:16:10,1
2021-11-09 08:16:11,0
2021-11-09 08:16:51,1
2021-11-09 08:16:52,0
2021-11-09 08:16:59,1
2021-11-09 08:17:00,0
2021-11-09 08:24:08,1
2021-11-09 08:24:11,0
2021-11-09 08:43:12,1
2021-11-09 08:43:14,0
2021-11-09 09:47:46,1
2021-11-09 09:47:47,0
2021-11-09 10:00:56,1
2021-11-09 10:00:57,0
2021-11-09 10:01:07,1
2021-11-09 10:01:09,0
2021-11-09 10:01:16,1
2021-11-09 10:01:17,0
2021-11-09 10:01:23,1
2021-11-09 10:01:25,0
2021-11-09 10:13:29,1
2021-11-09 10:13:30,0
2021-11-09 10:13:37,1
2021-11-09 10:13:38,0
2021-11-09 10:16:42,1
2021-11-09 10:16:43,0
2021-11-09 10:22:50,1
2021-11-09 10:22:52,0
2021-11-09 10:23:02,1
2021-11-09 10:23:04,0
2021-11-09 10:59:05,1
2021-11-09 10:59:07,0
2021-11-09 10:59:12,1
2021-11-09 10:59:14,0
2021-11-09 10:59:19,1
2021-11-09 10:59:21,0
2021-11-09 10:59:28,1
2021-11-09 10:59:29,0
2021-11-09 15:22:15,1
2021-11-09 15:22:19,0
2021-11-09 15:30:07,1
2021-11-09 15:30:09,0
2021-11-09 15:31:43,1
2021-11-09 15:31:45,0
2021-11-09 15:32:29,1
2021-11-09 15:32:32,0
2021-11-09 15:47:12,1
2021-11-09 15:47:13,0
2021-11-09 15:47:18,1
2021-11-09 15:47:20,0
2021-11-09 16:50:27,1
2021-11-09 16:50:31,0